name,address,postcode,phone,gender_profile,size,day_boarding_type,religious_affiliation
Park Hill School,"8 Queen’s Road, Kingston upon Thames, Surrey, KT2 7SH",KT2 7SH,+44 (0)20 8546 5496,Coeducational,126,Day,All Faiths
Holy Cross Preparatory School,"George Road, Kingston upon Thames, KT2 7NU",KT2 7NU,+44 (0)20 8942 0729,Girls only,294,Day,Roman Catholic
Rokeby,"George Road, Kingston upon Thames, KT2 7PB",KT2 7PB,+44 (0)20 8942 2247,Boys only,404,Day,All Faiths
Canbury School,"Kingston Hill, Kingston upon Thames, Surrey, KT2 7LN",KT2 7LN,+44 (0)20 8549 8622,Coeducational,76,Day,All Faiths
Marymount London,"George Road, Kingston upon Thames, Surrey, KT2 7PE",KT2 7PE,+44 (0)20 8949 0571,Girls only,233,"Day, Weekly/Flexible Boarding, Full Boarding",Roman Catholic
Kingston Grammar School,"70 London Road, Kingston upon Thames, Surrey, KT2 6PY",KT2 6PY,+44 (0)20 8546 5875,Coeducational,873,Day,Non-denominational
Surbiton High Girls' Prep School,"95-97 Surbiton Road, Kingston upon Thames, Surrey, KT1 2HW",KT1 2HW,+44 (0)20 8546 9756,Girls only,293,Day,Church of England
Surbiton High Boys' Prep School,"3 Avenue Elmers, Surbiton, Surrey, KT6 4SP",KT6 4SP,+44 (0)20 8390 6640,Boys only,222,Day,Church of England
Surbiton High School,"13-15 Surbiton Crescent, Kingston upon Thames, Surrey, KT1 2JT",KT1 2JT,+44 (0)20 8546 5245,Girls only,1119,Day,Church of England
Westbury House School,"80 Westbury Road, New Malden, Surrey, KT3 5AS",KT3 5AS,020 8942 5885,Coeducational,104,Day,Non-denominational
The Study School,"57 Thetford Road, New Malden, Kingston, KT3 5DP",KT3 5DP,+44 (0)20 8942 0754,Coeducational,88,Day,All Faiths
The Rowans School,"19 Drax Avenue, Wimbledon, SW20 0EG",SW20 0EG,020 8946 8220,Coeducational,121,Day,All Faiths
Thomas's Putney Vale,"Stroud Crescent, London, SW15 3EQ",SW15 3EQ,020 3653 1640,,,,
Newland House School,"Waldegrave Park, Twickenham, TW1 4TQ",TW1 4TQ,+44 (0)20 8865 1305,Coeducational,463,Day,Church of England
The Study Preparatory School,"Wilberforce House, Camp Road, Wimbledon, SW19 4UN",SW19 4UN,+44 (0)20 8947 6969,Girls only,307,Day,Non-denominational
Hampton Court House,"Hampton Court Road, East Molesey, Surrey, KT8 9BS",KT8 9BS,020 8614 0857,Coeducational,295,Day,Non-denominational
Tennis Avenue School,"Manor Park, off Malden Road, New Malden, Surrey, KT3 6AU",KT3 6AU,(020) 8942 7583,Coeducational,12,Day,All Faiths
King's College Junior School,"Southside, Wimbledon Common, Wimbledon, SW19 4TT",SW19 4TT,+44 (0)20 8255 5335,Boys only,283,Day,Non-denominational
King's College School (KCS),"Southside, Wimbledon Common, Wimbledon, SW19 4TT",SW19 4TT,+44 (0)20 8255 5300,Boys only (co-ed sixth form),1191,Day,Church of England
Radnor House,"Pope's Villa, Cross Deep, Twickenham, TW1 4QG",TW1 4QG,+44 (0)20 8891 6264,Coeducational,450,Day,Non-denominational
Wimbledon Common Preparatory School,"113 Ridgway, Wimbledon, SW19 4TA",SW19 4TA,020 8946 1001,Boys only,170,Day,Non-denominational
Donhead Preparatory School,"33 Edge Hill, Wimbledon, SW19 4NP",SW19 4NP,020 8946 7000,Boys only,278,Day,Roman Catholic
"St Catherine's School, Twickenham","Cross Deep, Twickenham, TW1 4QJ",TW1 4QJ,+44 (0)20 8891 2898,Girls only,432,Day,Roman Catholic
Shrewsbury House Prep School,"107 Ditton Road, Surbiton, Surrey, KT6 6RL",KT6 6RL,+44 (0)20 8399 3066,Boys only,343,Day,Church of England
Ursuline Preparatory School,"18 The Downs, Wimbledon, London, SW20 8HR",SW20 8HR,+44 (0)20 8947 0859,Girls (some boys),153,Day,Roman Catholic
Old Vicarage School,"48 Richmond Hill, Richmond, TW10 6QX",TW10 6QX,+44 (0)20 8940 0922,Girls only,220,Day,Non-denominational
Ibstock Place School,"Clarence Lane, Roehampton, SW15 5PY",SW15 5PY,+44 (0)20 8876 9991,Coeducational,1005,Day,Non-denominational
King's House School,"68 King's Road, Richmond, Surrey, TW10 6ES",TW10 6ES,+44 (0)20 8940 1878,Boys (some girls),419,Day,Church of England/Interdenominational
The Mall School,"185 Hampton Road, Twickenham, TW2 5NQ",TW2 5NQ,+44 (0)20 8977 2523,Boys (some girls),198,Day,Christian
Tower House School,"188 Sheen Lane, East Sheen, SW14 8LF",SW14 8LF,+44 (0)20 8876 3323,Boys only,174,Day,Non-denominational
Wimbledon High School GDST,"Mansel Road, Wimbledon, SW19 4AB",SW19 4AB,+44 (0)20 8971 0900,Girls only,1050,Day,Non-denominational
Twickenham Prep School,"Beveree, 43 High Street, Hampton, TW12 2SA",TW12 2SA,+44 (0)20 8979 6216,Coeducational,270,Day,Christian
Willington School,"Worcester Road, Wimbledon, London, SW19 7QQ",SW19 7QQ,+44 (0)20 8944 7020,Coeducational,198,Day,All Faiths
Weston Green School,"Weston Green Road, Thames Ditton, Surrey, KT7 0JN",KT7 0JN,020 8938 2778,Coeducational,194,Day,Christian
Hampton Pre-Prep & Prep School,"Gloucester Road, Hampton, TW12 2UQ",TW12 2UQ,+44 (0)20 8979 1844,Boys (some girls),229,Day,Church of England
Prospect House School,"75 Putney Hill, London, SW15 3NT",SW15 3NT,+44 (0)20 8780 0456,Coeducational,287,Day,Non-denominational
Lady Eleanor Holles School,"Hanworth Road, Hampton, TW12 3HF",TW12 3HF,+44 (0)20 8979 1601,Girls only,978,Day,All Faiths
Hampton School,"Hanworth Road, Hampton, TW12 3HD",TW12 3HD,+44 (0)20 8979 5526,Boys only,1338,Day,All Faiths
The Falcons School,"11 Woodborough Road, Putney, SW15 6PY",SW15 6PY,+44 (0)20 8992 5189,Coeducational,128,Day,Non-denominational
Putney High School GDST,"35 Putney Hill, London, SW15 6BH",SW15 6BH,+44 (0)20 8788 4886,Girls only,1076,Day,Non-denominational
Unicorn School,"238 Kew Road, Richmond, TW9 3JX",TW9 3JX,+44 (0)20 8948 3926,Coeducational,169,Day,Non-denominational
Broomfield House School,"10 Broomfield Road, Kew Gardens, Richmond, Surrey, TW9 3HS",TW9 3HS,+44 (0)20 8940 3884,Coeducational,176,Day,Church of England
Liberty Woodland School,"Morden Lodge, Morden Hall Road, Morden, London, SM4 5JD",SM4 5JD,+44(0)20 8648 9775,Coeducational,63,Day,Non-denominational
Kew College,"24-26 Cumberland Road, Richmond, TW9 3HQ",TW9 3HQ,020 8940 2039,Coeducational,274,Day,Non-denominational
The London Acorn School,"Morden Cottage, Morden Hall Park, Morden, London, SM4 5JD",SM4 5JD,0208 544 9769,Coeducational,54,Day,All Faiths
Hurlingham School,"122 Putney Bridge Road, Putney, SW15 2NQ",SW15 2NQ,020 8874 7186,Coeducational,355,Day,All Faiths
Hall School Wimbledon,"17 The Downs, Wimbledon, London, SW20 8HF",SW20 8HF,020 8879 9200,Coeducational,183,Day,All Faiths
Chelsea Hall School,"St Andrews Parish Hall, Waynflete Street, London, SW18 3QG",SW18 3QG,0208 9468330,Coeducational,43,Day,All Faiths
Kew Green Preparatory School,"Layton House, Ferry Lane, Kew Green, Richmond, Surrey, TW9 3AF",TW9 3AF,020 8948 5999,Coeducational,268,Day,Non-denominational
The Roche School,"11 Frogmore, Wandsworth, London, SW18 1HW",SW18 1HW,442088770823,Coeducational,267,Day,Non-denominational
Shrewsbury House Pre Preparatory School,"22 Milbourne Lane, Esher, Surrey, KT10 9EA",KT10 9EA,+44 (0)1372 462781,Coeducational,84,Day,Church of England
Ashton House School,"50/52 Eversley Crescent, Isleworth, TW7 4LW",TW7 4LW,+44 (0)20 8560 3902,Coeducational,100,Day,All Faiths
Suffah Primary School,"367 Wellington Road South, Hounslow, TW4 5HU",TW4 5HU,020 8572 9817,Coeducational,151,Day,Islamic
The St Michael Steiner School,"Park Road, Hanworth Park, London, TW13 6PN",TW13 6PN,+44 (0)20 8893 1299,Coeducational,129,Day,All Faiths
Burlington House School,"Bishop's Avenue, Fulham, SW6 6EG",SW6 6EG,+44 (0)20 7610 9018,Coeducational,176,Day,Non-denominational
Ewell Castle School,"Church Street, Ewell, Epsom, Surrey, KT17 2AW",KT17 2AW,+44 (0)20 8393 1413,Coeducational,694,Day,Church of England
Milbourne Lodge,"43 Arbrook Lane, Esher, Surrey, KT10 9EG",KT10 9EG,01372 462737,Coeducational,278,Day,Church of England
Heathfield House School,"Turnham Green Church Hall, Heathfield Gardens, Chiswick, London, W4 4JU",W4 4JU,020 8994 3385,Coeducational,162,Day,All Faiths
Wandsworth Preparatory School,"The Old Library, 2 Allfarthing Lane, London, SW18 2PQ",SW18 2PQ,+44 (0)20 8870 4133,Coeducational,83,Day,Non-denominational
Parsons Green Prep,"1 Fulham Park Road, London, SW6 4LJ",SW6 4LJ,+44 (0)20 7371 9009,Coeducational,115,Day,Non-denominational
Rowan Preparatory School,"6 Fitzalan Road, Claygate, Esher, Surrey, KT10 0LX",KT10 0LX,+44 (0)1372 462627,Girls only,300,Day,All Faiths
Kew House School,"6 Capital Interchange Way, Brentford, TW8 0EX",TW8 0EX,+44 (0)20 8742 2038,Coeducational,595,Day,Non-denominational
Homefield Preparatory School,"Western Road, Sutton, Surrey, SM1 2TE",SM1 2TE,+44 (0)20 8642 0965,Boys only,313,Day,Non-denominational
Thomas's Fulham,"49 Hugon Road, London, SW6 3ES",SW6 3ES,+44(0)207 751 8200,Coeducational,425,Day,Church of England
Date Valley School,"Mitcham Court, Cricket Green, Mitcham, Surrey, CR4 4LB",CR4 4LB,+44(0)20 8648 4647,Coeducational,135,Day,Islamic
St Paul's School,"Lonsdale Road, Barnes, London, SW13 9JT",SW13 9JT,+44 (0)20 8748 9162,Boys only,1517,"Day, Weekly/Flexible Boarding, Full Boarding",All Faiths
Finton House School,"171 Trinity Road, Wandsworth, SW17 7HL",SW17 7HL,+44 (0)20 8682 0921,Coeducational,345,Day,Non-denominational
Sutton High School GDST,"55 Cheam Road, Sutton, Surrey, SM1 2AX",SM1 2AX,+44 (0)20 8642 0594,Girls only,847,Day,Non-denominational
Kensington Prep School GDST,"596 Fulham Road, London, SW6 5PA",SW6 5PA,+44 (0)20 7731 9300,Girls only,293,Day,All Faiths
Fulham School,"200 Greyhound Road, London, W14 9SD",W14 9SD,+44(0)20 7386 2444,Coeducational,,,
Emanuel School,"Battersea Rise, London, SW11 1HS",SW11 1HS,+44 (0)20 8870 4171,Coeducational,1083,Day,Christian
Kensington Wade,"Fulham Palace Road, London, W69ER",W69ER,+44(0)20 3096 2888,Coeducational,107,Day,Non-denominational
Claremont Fan Court School,"Claremont Drive, Esher, Surrey, KT10 9LY",KT10 9LY,+44 (0)1372 473780,Coeducational,1098,Day,Non-denominational
ArtsEd Day School & Sixth Form,"Cone Ripman House, 14 Bath Road, Chiswick, W4 1LY",W4 1LY,+44 (0)20 8987 6600,Coeducational,296,Day,All Faiths
Northcote Lodge,"26 Bolingbroke Grove, Wandsworth, SW11 6EL",SW11 6EL,+44 (0)20 8682 8888,Boys only,202,Day,Christian
Latymer Upper School and Latymer Prep School,"237 King Street, Hammersmith, W6 9LR",W6 9LR,+44 (0)20 8629 2024,Coeducational,1439,Day,Non-denominational
Ravenscourt Park Preparatory School,"16 Ravenscourt Avenue, Hammersmith, W6 0SL",W6 0SL,+44 (0)20 8846 9153,Coeducational,416,Day,Non-denominational
Orchard House School,"16 Newton Grove, London, W4 1LB",W4 1LB,+44 (0)20 8742 8544,Coeducational,273,Day,Non-denominational
Centre Academy London,"92 St John's Hill, Battersea, London, SW11 1SH",SW11 1SH,020 77382344,,,,
Chiswick & Bedford Park Preparatory School,"Priory House, Priory Avenue, Chiswick, London, W4 1TX",W4 1TX,020 8994 1804,Coeducational,161,Day,All Faiths
Azbuka Russian-English Bilingual School,"Studland Hall, Studland Street, Hammersmith, London, W6 0JS",W6 0JS,+44(0)208 392 2286,Coeducational,49,Day,Non-denominational
Kingswood House,"56 West Hill, Epsom, Surrey, KT19 8LG",KT19 8LG,+44 (0)1372 723590,Coeducational,250,Day,All Faiths
Hornsby House School,"Hearnville Road, London, SW12 8RS",SW12 8RS,+44 (0)20 8673 7573,Coeducational,437,Day,Non-denominational
Broomwood Hall School,"68-74 Nightingale Lane, London, SW12 8NR",SW12 8NR,+44 (0)20 8682 8830,Coeducational,458,Day,All Faiths
Eveline Day School,"Swan House, 207 Balham High Road, London, SW17 7BQ",SW17 7BQ,+44 (0)20 8673 3188,Coeducational,114,Day,Non-denominational
Dolphin School (inc Noahs Ark Nursery Schools),"106 Northcote Road, London, SW11 6QW",SW11 6QW,020 7924 3472,Coeducational,156,Day,Christian
Little Downsend Epsom,"6 Norman Avenue, Epsom, Surrey, KT17 3AB",KT17 3AB,01372 385438,Coeducational,51,Day,All Faiths
The Danesfield Manor School,"11 Rydens Avenue, Walton-on-Thames, Surrey, KT12 3JB",KT12 3JB,+44 (0)1932 220930,Coeducational,144,Day,All Faiths
Thames Christian School,"12 Grant Road, Battersea, London, SW11 2FR",SW11 2FR,+44 (0)20 7228 3933,Coeducational,172,Day,Christian
Godolphin and Latymer School,"Iffley Road, Hammersmith, W6 0PG",W6 0PG,+44 (0)20 8741 1936,Girls only,812,Day,Non-denominational
Thomas's Clapham,"Broomwood Road, London, SW11 6JZ",SW11 6JZ,+44(0)207 326 9300,Coeducational,652,Day,Church of England
Bute House Preparatory School for Girls,"Luxemburg Gardens, Hammersmith, W6 7EA",W6 7EA,+44 (0)20 7603 7381,Girls only,319,Day,Non-denominational
St Paul's Girls' School,"Brook Green, Hammersmith, W6 7BS",W6 7BS,+44 (0)20 7603 2288,Girls only,799,Day,All Faiths
St James Senior Girls' School,"Earsby Street, London, W14 8SH",W14 8SH,+44 (0)20 7348 1777,Girls only,264,Day,Non-denominational
St James Preparatory School,"Earsby Street, Nr. Olympia, London, W14 8SH",W14 8SH,+44 (0)20 7348 1777,Coeducational,180,Day,Non-denominational
Thomas's Battersea,"28-40 Battersea High Street, London, SW11 3JB",SW11 3JB,+44 (0)207 978 0900,Coeducational,751,Day,Christian
London Park School Clapham,"7-11 Nightingale Lane, Clapham South, London, SW4 9AH",SW4 9AH,2081610301,,,,
St Christopher's School,"6 Downs Road, Epsom, Surrey, KT18 5HE",KT18 5HE,+44 (0)1372 721807,Coeducational,164,Day,Non-denominational
Streatham & Clapham High School GDST,"42 Abbotswood Road, Streatham, SW16 1AW",SW16 1AW,+44 (0)20 8677 8400,Girls only,877,Day,Non-denominational
Eaton House The Manor,"58 Clapham Common North Side, Clapham, SW4 9RU",SW4 9RU,020 7924 6000,Boys and Girls taught separately,682,Day,Christian
Epsom College,"College Road, Epsom, Surrey, KT17 4JQ",KT17 4JQ,+44 (0)1372 821000,Coeducational,1097,"Day, Weekly/Flexible Boarding, Full Boarding",Church of England
Collingham Independent College,"23 Collingham Gardens, London, SW5 0HL",SW5 0HL,+44 (0)20 7244 7414,Coeducational,160,Day,All Faiths
Wetherby Kensington,"4 Wetherby Gardens, Kensington, London, SW5 0JN",SW5 0JN,+44(0)203 910 9760,Boys only,152,Day,All Faiths
Ealing Independent College,"83 New Broadway, Ealing, W5 5AL",W5 5AL,020 8579 6668,Coeducational,111,Day,All Faiths
Clifton Lodge School,"8 Mattock Lane, London, W5 5BG",W5 5BG,020 8579 3662,Coeducational,119,Day,Christian
Seaton House School,"67 Banstead Road South, Sutton, Surrey, SM2 5LH",SM2 5LH,+44 (0)20 8642 2332,Girls (some boys),171,Day,Non-denominational
White House Preparatory School,"24 Thornton Road, London, SW12 0LF",SW12 0LF,+44 (0)20 8674 9514,Coeducational,156,Day,All Faiths
Cameron Vale School,"4 The Vale, Chelsea, SW3 6AH",SW3 6AH,+44 (0)20 7352 4040,Coeducational,50,Day,All Faiths
Falkner House,"19 Brechin Place, South Kensington, SW7 4QB",SW7 4QB,+44 (0)20 7373 4501,Coeducational,355,Day,Christian
Collingwood School,"3 Springfield Road, Wallington, SM6 0BD",SM6 0BD,+44 (0)20 8647 4607,Coeducational,120,Day,All Faiths
The Hampshire School Chelsea,"15 Manresa Road, London, SW3 6NB",SW3 6NB,+44 (0)20 7352 7077,Coeducational,88,Day,Non-denominational
Reed's School,"Sandy Lane, Cobham, Surrey, KT11 2ES",KT11 2ES,+44 (0)1932 869044,Boys only (co-ed sixth form),797,"Day, Weekly/Flexible Boarding, Full Boarding",Church of England
Mander Portman Woodward (MPW),"90-92 Queen's Gate, South Kensington, SW7 5AB",SW7 5AB,+44 (0)20 7835 1355,Coeducational,546,"Day, Full Boarding",Non-denominational
Norland Place School,"162-166 Holland Park Avenue, Notting Hill, W11 4UH",W11 4UH,+44 (0)20 7603 9103,Coeducational,218,Day,All Faiths
Durston House,"12 Castlebar Road, Ealing, W5 2DR",W5 2DR,+44 (0)20 8991 6530,Coeducational,389,Day,Christian
Danes Hill School,"Leatherhead Road, Oxshott, Leatherhead, Surrey, KT22 0JG",KT22 0JG,+44 (0)1372 842509,Coeducational,686,Day,Non-denominational
Glendower Prep School,"86/87 Queen's Gate, South Kensington, SW7 5JX",SW7 5JX,+44 (0)20 7370 1927,Girls only,288,Day,All Faiths
Queen's Gate School,"131-133 Queen's Gate, South Kensington , London, SW7 5LE",SW7 5LE,+44 (0)20 7589 3587,Girls only,491,Day,Non-denominational
Westminster Tutors,"86 Old Brompton Road, South Kensington, London, SW7 3LQ",SW7 3LQ,2075841288,Coeducational,35,Day,Non-denominational
Thomas's Kensington,"17-19 Cottesmore Gardens, London, W8 5PR",W8 5PR,+44(0)207 361 6500,Coeducational,376,Day,Christian
Avenue House School,"70 The Avenue, Ealing, W13 8LS",W13 8LS,+44 (0)20 8998 9981,Coeducational,78,Day,Non-denominational
ACS Cobham International School,"Heywood House, Portsmouth Road, Cobham, Surrey, KT11 1BL",KT11 1BL,+44 (0)1932 867251,Coeducational,1293,"Day, Weekly/Flexible Boarding, Full Boarding",Non-denominational
Eaton House Belgravia,"3-5 Eaton Gate, London, SW1W 9BA",SW1W 9BA,020 7730 9343,Boys (some girls),172,Day,Christian
Halliford School,"Russell Road, Shepperton, Surrey, TW17 9HX",TW17 9HX,+44 (0)1932 223593,Boys only (co-ed sixth form),461,Day,All Faiths
St Benedict's School,"54 Eaton Rise, Ealing, W5 2ES",W5 2ES,+44 (0)20 8862 2000,Coeducational,1091,Day,Roman Catholic
Banstead Preparatory School,"Sutton Lane, Banstead, Surrey, SM7 3RA",SM7 3RA,+44 (0)1737 363601,Coeducational,244,Day,Non-denominational
Newton Prep,"149 Battersea Park Road, London, SW8 4BX",SW8 4BX,+44 (0)20 7720 4091,Coeducational,658,Day,Non-denominational
Notting Hill and Ealing High School GDST,"2 Cleveland Road, Ealing, W13 8AX",W13 8AX,+44 (0)20 8799 8400,Girls only,908,Day,Non-denominational
Southbank International School (Kensington),"36-38 Kensington Park Road, Kensington, W11 3BU",W11 3BU,+44 (0)20 7229 8230,Coeducational,173,Day,All Faiths
Garden House School,"Turk's Row, Chelsea, London, SW3 4TW",SW3 4TW,+44 (0)20 7730 1652,Boys and Girls taught separately,484,Day,Interdenominational
St Augustine's Priory,"St Augustine's Priory, Hillcrest Road, Ealing, London, W5 2JL",W5 2JL,020 8997 2022,Girls (some boys),458,Day,Roman Catholic
Wetherby Pre-Preparatory School,"11 Pembridge Square, Notting Hill, W2 4ED",W2 4ED,020 7727 9581,Boys only,358,Day,All Faiths
Sussex House,"68 Cadogan Square, London, SW1X 0EA",SW1X 0EA,+44 (0)20 7584 1741,Boys only,187,Day,Church of England
Prince’s Gardens Preparatory School,"10-13 Prince's Gardens, London, SW7 1ND",SW7 1ND,+44 (0)20 7591 4620,Coeducational,152,Day,Non-denominational
Bassett House School,"60 Bassett Road, London, W10 6JP",W10 6JP,+44 (0)20 8969 0313,Coeducational,118,Day,Non-denominational
Pembridge Hall School,"18 Pembridge Square, Notting Hill, W2 4EH",W2 4EH,+44 (0)20 7229 0121,Girls only,444,Day,Anglican
Notting Hill Preparatory School,"95 Lancaster Road, Notting Hill, London, W11 1QQ",W11 1QQ,+44 (0)20 7221 0727,Coeducational,431,Day,Non-denominational
La Petite Ecole Bilingue - The Stewart Bilingual School,"90 Oxford Gardens, London, W10 5UW",W10 5UW,020 8960 2725,Coeducational,44,Day,Non-denominational
La Petite Ecole Francaise,"73 Saint Charles Square, London, W10 6EJ",W10 6EJ,0208 960 1278,Coeducational,142,Day,All Faiths
Chepstow House School,"108a Lancaster Road, London, W11 1QS",W11 1QS,0207 243 0243,Coeducational,400,Day,Non-denominational
Knightsbridge School,"67 Pont Street, Knightsbridge, SW1X 0BD",SW1X 0BD,+44 (0)20 7590 9000,Coeducational,376,Day,Non-denominational
"Francis Holland School, Sloane Square","39 Graham Terrace, London, SW1W 8JF",SW1W 8JF,+44 (0)20 7730 2971,Girls only,741,Day,Anglican
City of London Freemen's School,"Ashtead Park, Ashtead, Surrey, KT21 1ET",KT21 1ET,+44 (0)1372 822400,Coeducational,946,"Day, Weekly/Flexible Boarding, Full Boarding",Christian
More House School,"22-24 Pont Street, Knightsbridge, SW1X 0AA",SW1X 0AA,+44 (0)20 7235 2855,Girls only,138,Day,Roman Catholic
Kensington Park School,"40-44 Bark Place, Bayswater, London, W2 4AT",W2 4AT,020 7616 4400,Coeducational,247,"Day, Full Boarding",All Faiths
Instituto Espanol Canada Blanch,"317 Portobello Road, London, W10 5SZ",W10 5SZ,+44 (0)20 8969 2664,Coeducational,404,Day,All Faiths
St George's Junior School,"Thames Street, Weybridge, Surrey, KT13 8NL",KT13 8NL,+44 (0)1932 839400,Coeducational,627,Day,Roman Catholic
Lloyd Williamson Schools,"12 Telford Road, London, W10 5SH",W10 5SH,2089620345,,,,
Eaton Square Prep School,"55-57 Eccleston Square, London, SW1V 1PH",SW1V 1PH,+44 (0)20 72253131,Coeducational,256,Day,All Faiths
Notre Dame Senior School,"Burwood House, Convent Lane, Cobham, Surrey, KT11 1HA",KT11 1HA,+44 (0)1932 869990,Girls only,467,Day,Roman Catholic
Aberdour School,"Brighton Rd, Burgh Heath, Tadworth, Surrey, KT20 6AJ",KT20 6AJ,+44 (0)1737 354119,Coeducational,337,Day,Non-denominational
The New School London,"St Mary's Lodge, 149 Central Hill, London, SE19 1RT",SE19 1RT,+44(0)204 513 0505,Coeducational,86,Day,All Faiths
Rosemead Preparatory School & Nursery,"70 Thurlow Park Road, Dulwich, SE21 8HZ",SE21 8HZ,+44 (0)20 8670 5865,Coeducational,285,Day,Non-denominational
Notre Dame Prep School,"Burwood House, Convent Lane, Cobham, Surrey, KT11 1HA",KT11 1HA,+44 (0)1932 869990,Girls (some boys),239,Day,Roman Catholic
St James Senior Boys' School,"Church Road, Ashford, Surrey, TW15 3DZ",TW15 3DZ,01784 266930,Boys only,384,Day,All Faiths
Laleham Lea School,"29 Peaks Hill, Purley, Surrey, CR8 3JJ",CR8 3JJ,020 8660 3351,Coeducational,144,Day,Roman Catholic
The Laurels School,"Our Lady's Close, Upper Norwood, London, SE19 3FA",SE19 3FA,+44 (0)20 8674 7229,Girls only,111,Day,Roman Catholic
Downsend School,"1 Leatherhead Road, Leatherhead, Surrey, KT22 8TJ",KT22 8TJ,+44 (0)1372 372197,Coeducational,661,Day,Non-denominational
Bales College,"742 Harrow Road, London, W10 4AA",W10 4AA,020 8960 5899,Coeducational,124,Day,All Faiths
Old Palace of John Whitgift School,"Old Palace Road, Croydon, CR0 1AX",CR0 1AX,+44 (0)20 8688 2027,Girls only,608,Day,Church of England
Cumnor House School for Girls,"1 Woodcote Lane, Purley, Surrey, CR8 3HB",CR8 3HB,020 8668 0050,Girls only,123,Day,All Faiths
Oakfield Preparatory School,"125-128 Thurlow Park Road, London, SE21 8HP",SE21 8HP,+44 (0)20 8670 4206,Coeducational,311,Day,All Faiths
Westminster Under School,"Adrian House, 27 Vincent Square, Westminster, SW1P 2NN",SW1P 2NN,+44 (0)20 7821 5788,Boys only,275,Day,Church of England
Westminster Cathedral Choir School,"Ambrosden Avenue, London, SW1P 1QH",SW1P 1QH,+44 (0)20 7798 9081,Boys only,275,"Day, Weekly/Flexible Boarding",Roman Catholic
Fairley House School,"30 Causton Street, London, SW1P 4AU",SW1P 4AU,+44 (0)20 7976 5456,Coeducational,215,Day,Non-denominational
Parkside School,"The Manor, Stoke d'Abernon, Cobham, Surrey, KT11 3PX",KT11 3PX,+44 (0)1932 862749,Boys (some girls),263,Day,All Faiths
Herne Hill School,"The Old Vicarage, 127 Herne Hill, Herne Hill, SE24 9LY",SE24 9LY,+44 (0)20 7274 6336,Coeducational,320,Day,Non-denominational
Connaught House School,"47 Connaught Square, London, W2 2HL",W2 2HL,+44(0)20 7262 8830,Coeducational,71,Day,Non-denominational
Little Downsend Leatherhead,"13 Epsom Road, Leatherhead, Surrey, KT22 8ST",KT22 8ST,01372 385437,Coeducational,108,Day,All Faiths
Eaton Square Senior School,"106 Piccadilly, Mayfair, London, W1J 7NL",W1J 7NL,020 7491 7393,Coeducational,165,Day,Non-denominational
L'Ecole Bilingue,"St Davids Welsh Church, St Marys Terrace, London, W2 1SJ",W2 1SJ,020 7224 8427,,,,
Feltonfleet School,"Byfleet Road, Cobham, Surrey, KT11 1DR",KT11 1DR,+44 (0)1932 862264,Coeducational,497,"Day, Weekly/Flexible Boarding",All Faiths
St John's School,"Epsom Road, Leatherhead, Surrey, KT22 8SP",KT22 8SP,+44 (0)1372 373000,Coeducational,839,"Day, Weekly/Flexible Boarding",Church of England
Maple Walk School,"62a Crownhill Road, London, NW10 4EB",NW10 4EB,020 8963 3890,Coeducational,169,Day,Christian
Maida Vale School,"18 Saltram Crescent, London, W9 3HR",W9 3HR,+44(0)20 4511 6000,Coeducational,159,Day,All Faiths
The Yehudi Menuhin School,"Stoke d'Abernon, Cobham, Surrey, KT11 3QQ",KT11 3QQ,+44 (0)1932 864739,Coeducational,87,"Day, Weekly/Flexible Boarding, Full Boarding",All Faiths
Dulwich College,"Dulwich Common, Dulwich, London, SE21 7LD",SE21 7LD,+44 (0)20 8693 3601,Boys (some girls),1856,"Day, Weekly/Flexible Boarding, Full Boarding",Church of England
Dulwich Prep London,"42 Alleyn Park, Dulwich, SE21 7AA",SE21 7AA,+44 (0)20 8766 5500,Boys (some girls),811,Day,Non-denominational
Westminster Abbey Choir School,"Dean's Yard, London, SW1P 3NY",SW1P 3NY,+44 (0)20 7654 4949,Boys only,27,Full Boarding,Anglican
Westminster School,"17 Dean's Yard, Westminster, SW1P 3PF",SW1P 3PF,+44 (0)20 7963 1000,Boys only (co-ed sixth form),773,"Day, Weekly/Flexible Boarding, Full Boarding",Anglican
Wetherby Preparatory School,"47-48 Bryanston Square, Westminster, W1H 2EA",W1H 2EA,2075353522,Boys only,384,Day,Non-denominational
Sylvia Young Theatre School,"1 Nutford Palce, Marylebone, W1H 5YZ",W1H 5YZ,+44 (0)20 7258 2330,Coeducational,209,Day,Non-denominational
Whitgift School,"Haling Park, South Croydon, CR2 6YT",CR2 6YT,+44 (0)20 8688 9222,Boys only,1561,"Day, Weekly/Flexible Boarding, Full Boarding",Church of England
ICS London,"7B Wyndham Place, Marylebone, London, W1H 1PN",W1H 1PN,020 7298 8800,Coeducational,152,Day,Non-denominational
St George's College Weybridge,"Weybridge Road, Addlestone, Surrey, KT15 2QS",KT15 2QS,+44 (0)1932 839300,Coeducational,1038,Day,Roman Catholic
St David's School,"23/25 Woodcote Valley Road, Purley, Surrey, CR8 3AL",CR8 3AL,+44 (0)20 8660 0723,Coeducational,144,Day,Christian
James Allen's Girls' School,"144 East Dulwich Grove, Dulwich, London, SE22 8TE",SE22 8TE,+44 (0)20 8693 1181,Girls only,1169,Day,All Faiths
Abingdon House School,"Broadley Terrace, Westminster, NW1 6LG",NW1 6LG,+44 (0)20 3750 5526,Coeducational,118,Day,Non-denominational
Al-Sadiq School,"126 Chevening Road, London, NW6 6TP",NW6 6TP,+44(0)20 7372 6760,Boys (some girls),192,Day,Islamic
Cambridge Tutors College,"Water Tower Hill, Croydon, Surrey, CR0 5SX",CR0 5SX,020 8688 5284,Coeducational,70,"Day, Weekly/Flexible Boarding, Full Boarding",All Faiths
Cumnor House School,"168 Pampisford Road, South Croydon, Surrey, CR2 6DA",CR2 6DA,+44 (0)20 8660 3445,Boys (some girls),406,Day,All Faiths
Wetherby Senior School,"100 Marylebone Lane, London, W1U 2QU",W1U 2QU,020 7535 3530,Boys only,419,Day,All Faiths
Naima Jewish Prep School,"21 Andover Place, Maida Vale, NW6 5ED",NW6 5ED,+44 (0)20 7328 2802,Coeducational,127,Day,Jewish
Al-Zahra School,"134 Salusbury Road, London, NW6 6PF",NW6 6PF,+44(0) 207 372 7706,Girls only,115,Day,Islamic
Elmhurst School,"44/48 South Park Hill Road, South Croydon, CR2 7DW",CR2 7DW,+44 (0)20 8688 0661,Boys only,116,Day,All Faiths
Alleyn's School,"Townley Road, Dulwich, SE22 8SU",SE22 8SU,020 8557 1500,Coeducational,1104,Day,Church of England
Alleyn's Junior School,"Townley Road, Dulwich, SE22 8SU",SE22 8SU,+44 (0)20 8557 1519,Coeducational,294,Day,Christian
"Francis Holland School, Regent's Park","39 Ivor Place, London, NW1 6XR",NW1 6XR,+44 (0)20 7723 0176,Girls only,554,Day,Church of England
Queen's College London,"43-49 Harley Street, London, W1G 8BT",W1G 8BT,+44 (0)20 7291 7000,Girls only,632,Day,Non-denominational
Abercorn School,"28 Abercorn Place, St John's Wood, London, NW8 9XP",NW8 9XP,020 7286 4785,Coeducational,181,Day,Non-denominational
Brondesbury College,"8 Brondesbury Park, London, NW6 7BT",NW6 7BT,020 8830 4522,Boys only,119,Day,Islamic
Arco Academy,"Camberwell Leisure Centre, Artichoke Place, London, SE5 8TS",SE5 8TS,0203 189 1193,Coeducational,7,Day,All Faiths
Chinthurst School,"52 Tadworth Street, Tadworth, Surrey, KT20 5QZ",KT20 5QZ,+44 (0)1737 812011,Coeducational,282,Day,All Faiths
DLD College London,"199 Westminster Bridge Road, London, SE1 7FX",SE1 7FX,+44 (0)20 7935 8411,Coeducational,373,"Day, Full Boarding",All Faiths
Southbank International (Westminster),"63-65 Portland Place, Westminster, W1B 1QR",W1B 1QR,+44 (0)20 7436 9699,Coeducational,510,Day,All Faiths
Portland Place School,"56-58 Portland Place, London, W1B 1NJ",W1B 1NJ,+44 (0)20 7307 8700,Coeducational,222,Day,Non-denominational
Arnold House School,"1-3 Loudoun Road, St John's Wood, NW8 0LH",NW8 0LH,+44 (0)20 7266 4840,Boys only,369,Day,Church of England
The American School in London,"1 Waverley Place, London, NW8 0NP",NW8 0NP,0207 4491200,Coeducational,1399,Day,All Faiths
Oakwood School,"Lloyd Park, Coombe Road, Croydon, Surrey, CR0 5RD",CR0 5RD,020 8668 8080,Coeducational,154,Day,Roman Catholic
"Octavia House Schools, Essex","High Street, Great Baddow, Chelmsford, Essex, CM2 7HH",CM2 7HH,020 3651 4396,,,,
Sydenham High School GDST,"19 Westwood Hill, Sydenham, SE26 6BL",SE26 6BL,+44 (0)20 8557 7000,Girls only,725,Day,Non-denominational
Ecole Jeannine Manuel,"43-45 Bedford Square, Bloomsbury, London, WC1B 3DN",WC1B 3DN,+44 (0)20 3829 5970,Coeducational,596,Day,Non-denominational
The Royal Ballet School,"46 Floral Street, Covent Garden, WC2E 9DA",WC2E 9DA,+44 (0)20 7836 8899,Coeducational,221,Full Boarding,All Faiths
Saint Christina's School,"25 St Edmund's Terrace, St John's Wood, London, NW8 7PY",NW8 7PY,+44 (0)20 7722 8784,Coeducational,167,Day,Roman Catholic
Staines Preparatory School,"3 Gresham Road, Staines-upon-Thames, Surrey, TW18 2BT",TW18 2BT,+44 (0)1784 450909,Coeducational,305,Day,Non-denominational
"Abingdon House School, Purley","59 Godstone Road, , Purley, CR8 2AN",CR8 2AN,2080922080,,,,
The Mulberry House School,"7 Minster Road, West Hampstead, NW2 3SD",NW2 3SD,020 8452 7340,Coeducational,195,Day,All Faiths
Broadhurst School,"19 Greencroft gardens, London, NW6 3LP",NW6 3LP,020 7328 4280,Coeducational,120,Day,All Faiths
Guildhouse School,"43-45 Bloomsbury Square, London, WC1A 2RA",WC1A 2RA,+44 (0)20 7841 1580,Coeducational,181,"Day, Full Boarding",Non-denominational
The Cedars School,"147 Central Hill, London, SE19 1RS",SE19 1RS,+44 (0)20 8185 7770,Boys only,263,Day,Roman Catholic
South Hampstead High School GDST,"3 Maresfield Gardens, Hampstead, NW3 5SS",NW3 5SS,+44 (0)20 7435 2899,Girls only,949,Day,Non-denominational
UCS Pre-Prep,"36 College Crescent, Hampstead, London, NW3 5LF",NW3 5LF,020 7722 4433,Boys only,96,Day,All Faiths
Trevor-Roberts School,"55-57 Eton Avenue, London, NW3 3ET",NW3 3ET,020 7586 1444,Coeducational,169,Day,Non-denominational
St Christopher's School,"71 Wembley Park Drive, Wembley, HA9 8HE",HA9 8HE,+44 (0)20 8902 5069,Coeducational,98,Day,All Faiths
Buxlow Preparatory School,"5-6 Castleton Gardens, Wembley, HA9 7QJ",HA9 7QJ,020 8904 3615,Coeducational,90,Day,All Faiths
Sir William Perkins's School,"Guildford Road, Chertsey, Surrey, KT16 9BN",KT16 9BN,+44 (0)1932 574900,Girls only,573,Day,Non-denominational
North Bridge House Nursery & Pre-Prep Schools,"33 Fitzjohn’s Avenue, Hampstead, London, NW3 5JY",NW3 5JY,020 7267 6266,Coeducational,302,Day,Non-denominational
Hall School,"23 Crossfield Road, Hampstead, NW3 4NU",NW3 4NU,+44 (0)20 7722 1700,Boys only,469,Day,Church of England
Hereward House School,"14 Strathray Gardens, London, NW3 4NY",NW3 4NY,+44 (0)20 7794 4820,Boys only,172,Day,All Faiths
North Bridge House Prep School,"1 Gloucester Avenue, London, NW1 7AB",NW1 7AB,020 7267 6266,Coeducational,394,Day,All Faiths
Trinity School,"Shirley Park, Croydon, Surrey, CR9 7AT",CR9 7AT,+44 (0)20 8656 9541,Boys only (co-ed sixth form),1053,Day,Church of England
London Christian School,"40 Tabard Street, London, SE1 4JU",SE1 4JU,020 3130 6430,Coeducational,118,Day,Christian
Southbank International (Hampstead),"16 Netherhall Gardens, Hampstead, NW3 5TH",NW3 5TH,+44 (0)20 7431 1200,Coeducational,168,Day,Non-denominational
Sarum Hall School,"15 Eton Avenue, Belsize Park, NW3 3EL",NW3 3EL,+44 (0)20 7794 2261,Girls only,185,Day,Church of England
City of London School,"107 Queen Victoria Street, London, EC4V 3AL",EC4V 3AL,+44 (0)20 3680 6300,Boys only,1045,Day,Non-denominational
St Mary's School Hampstead,"47 Fitzjohn's Avenue, Hampstead, NW3 6PG",NW3 6PG,+44 (0)20 7435 1868,Girls only,206,Day,Roman Catholic
Hampstead Fine Arts College,"Centre Studios, 41 - 43 Englands Lane, London, NW3 4YD",NW3 4YD,+44 (0)20 7586 0312,Coeducational,227,Day,All Faiths
The Cavendish School,"31 Inverness Street, Camden, London, NW1 7HB",NW1 7HB,+44 (0)20 7485 1958,Girls only,216,Day,All Faiths
Lyceé International de Londres Winston Churchill,"54 Forty Lane, Wembley, HA9 9LY",HA9 9LY,+44 (0)20 3824 4900,Coeducational,840,Day,Non-denominational
Royal Russell School,"Coombe Lane, Croydon, CR9 5BX",CR9 5BX,+44 (0)20 8657 4433,Coeducational,1186,"Day, Weekly/Flexible Boarding, Full Boarding",Church of England
Orley Farm School,"South Hill Avenue, Harrow on the Hill, Harrow, HA1 3NU",HA1 3NU,+44 (0)20 8869 7606,Coeducational,513,Day,Non-denominational
"University College School, Hampstead","Frognal, Hampstead, NW3 6XH",NW3 6XH,+44 (0)20 7435 2215,Boys only (co-ed sixth form),947,Day,Non-denominational
Devonshire House Preparatory School,"2 Arkwright Road, Hampstead, NW3 6AE",NW3 6AE,+44 (0)20 7435 1916,Coeducational,561,Day,Non-denominational
Box Hill School,"Old London Road, Mickleham, Dorking, Surrey, RH5 6EA",RH5 6EA,+44 (0)1372 373382,Coeducational,404,"Day, Weekly/Flexible Boarding, Full Boarding",All Faiths
St Paul's Cathedral School,"2 New Change, London, EC4M 9AD",EC4M 9AD,+44 (0)20 7248 5156,Coeducational,269,"Day, Full Boarding",Church of England
St Christopher's School,"32 Belsize Lane, Hampstead, NW3 5AE",NW3 5AE,+44 (0)20 7435 1521,Girls only,250,Day,Non-denominational
St Anthony's School For Boys,"90, Fitzjohn's Ave, Hampstead, London, NW3 6NP",NW3 6NP,+44 (0)20 7435 3597,Boys only,275,Day,Roman Catholic
"St Margaret's School, Hampstead","18 Kidderpore Gardens, Hampstead, NW3 7SR",NW3 7SR,+44 (0)20 7435 2439,Girls only,166,Day,All Faiths
The Village Prep School,"2 Park Hill Road, Belsize Park, London, NW3 2YN",NW3 2YN,2074854673,Girls only,73,Day,Non-denominational
TASIS The American School in England,"Coldharbour Lane, Thorpe, Surrey, TW20 8TE",TW20 8TE,01932 565252,Coeducational,654,"Day, Weekly/Flexible Boarding, Full Boarding",Non-denominational
North Bridge House Senior Hampstead,"65 Rosslyn Hill, Hampstead, London, NW3 5UD",NW3 5UD,020 7267 6266,Coeducational,470,Day,Non-denominational
University College School Junior Branch,"11 Holly Hill, Hampstead, London, NW3 6QN",NW3 6QN,+44 (0)20 7435 3068,Boys only,250,Day,Non-denominational
Hampstead Hill School,"St Stephen's Hall, Pond Street, Hampstead, London, NW3 2PP",NW3 2PP,+44(0)20 7435 6262,Coeducational,389,Day,Non-denominational
Charterhouse Square School,"40 Charterhouse Square, London, EC1M 6EA",EC1M 6EA,020 7600 3805,Coeducational,253,Day,All Faiths
City of London School For Girls,"St Giles' Terrace, Barbican, The City, EC2Y 8BB",EC2Y 8BB,+44 (0)20 7847 5500,Girls only,739,Day,Non-denominational
Heathside Preparatory School,"84A Heath Street, London, NW3 1DN",NW3 1DN,+44(0)203 058 4011,Coeducational,193,Day,All Faiths
Dallington School,"8 Dallington Street, London, EC1V 0BW",EC1V 0BW,+44 (0)20 7251 2284,Coeducational,61,Day,Non-denominational
The Gower School,"10 Cynthia Street, London, N1 9JF",N1 9JF,+44 (0)20 7278 2020,Coeducational,283,Day,All Faiths
Harrow School,"5 High Street, Harrow on the Hill, HA1 3HP",HA1 3HP,+44 (0)20 8872 8000,Boys only,831,Full Boarding,Church of England
John Lyon School,"Middle Road, Harrow-on-the-Hill, London, HA2 0HN",HA2 0HN,+44 (0)20 8515 9400,Coeducational,865,Day,Non-denominational
La Petite Ecole Bilingue,"22 Vicar's Road, London, NW5 4NL",NW5 4NL,0207 284 2620,,,,
Croydon High School GDST,"Old Farleigh Road, Selsdon, South Croydon, Surrey, CR2 8YB",CR2 8YB,+44 (0)20 8260 7500,Girls only,750,Day,All Faiths
"Manor House School, Bookham","Manor House Lane, Bookham, Surrey, KT23 4EN",KT23 4EN,+44 (0)1372 458538,Girls (some boys),278,Day,Church of England
David Game College,"31 Jewry Street, London, EC3N 2ET",EC3N 2ET,0207 221 6665,,,,
St Dunstan's College,"Stanstead Road, Catford, SE6 4TY",SE6 4TY,+44 (0)20 8516 7200,Coeducational,1127,Day,Church of England
"Red Balloon Centre, NW London","13 Kenton Road, Harrow, HA1 2BW",HA1 2BW,+44 (0)20 8864 6433,Coeducational,42,Day,All Faiths
The Lyceum,"59-65 Worship Street, London, EC2A 2DU",EC2A 2DU,+44 (0)20 7247 1588,Coeducational,120,Day,All Faiths
St Anthony's School for Girls,"94-96 North End Road, Golders Green, London, NW11 7SX",NW11 7SX,020 3869 3070,Girls (some boys),94,Day,Roman Catholic
The King Alfred School,"Manor Wood, 149 North End Road, Golders Green, NW11 7HY",NW11 7HY,+44 (0)20 8457 5200,Coeducational,693,Day,Non-denominational
St Helen's College,"Parkway, Hillingdon, Uxbridge, UB10 9JX",UB10 9JX,+44 (0)1895 234371,Coeducational,370,Day,Christian
Harmony Primary School,"80 Gayton Road, Harrow, HA1 2LS",HA1 2LS,020 4518 5222,,,,
Merrywood House Independent School,"The Old Pheasantry, Merrywood Grove, Tadworth, Surrey, KT20 7HF",KT20 7HF,01737 336352,,,,
Egham Park School,"Waspe Farm, 68 Station Road, Egham, Surrey, TW20 9LF",TW20 9LF,01784 913929,Coeducational,,Day,All Faiths
Glenesk School,"Ockham Road North, East Horsley, Leatherhead, Surrey, KT24 6NS",KT24 6NS,+44 (0)1483 282329,Coeducational,126,Day,All Faiths
ACS Hillingdon International School,"Hillingdon Court, 108 Vine Lane, Hillingdon, UB10 0BE",UB10 0BE,+44 (0)1895 259771,Coeducational,590,Day,Non-denominational
London Scandinavian School,"3 Highbury Crescent, London, N5 1RN",N5 1RN,7933619674,Coeducational,22,Day,All Faiths
St David's Prep,"Justin Hall, Beckenham Road, West Wickham, BR4 0QS",BR4 0QS,+44 (0)20 8777 5852,Coeducational,187,Day,All Faiths
St Christopher's The Hall School,"49 Bromley Road, Beckenham, Kent, BR3 5PA",BR3 5PA,+44 (0)20 8650 2200,Coeducational,231,Day,Non-denominational
OneSchool Global UK Kenley Campus,"Victor Beamish Avenue, Caterham, Surrey, CR3 5FX",CR3 5FX,+44 (0)1883 338634,Coeducational,108,Day,Christian
Buckingham Preparatory School,"458 Rayners Lane, Pinner, HA5 5DT",HA5 5DT,+44 (0)20 8866 2737,Boys only,110,Day,Non-denominational
Alpha Prep School,"21 Hindes Road, Harrow, HA1 1SH",HA1 1SH,+44 (0)20 8427 1471,Coeducational,138,Day,Christian
North Bridge House Senior Canonbury,"6-9 Canonbury Place, London, N1 2NQ",N1 2NQ,020 7267 6266 option 7,Coeducational,247,Day,Non-denominational
Rosemary Works School,"1 Branch Place, London, N1 5PH",N1 5PH,020 7739 3950,Coeducational,64,Day,All Faiths
Bishop Challoner School,"228 Bromley Road, Shortlands, Bromley, BR2 0BS",BR2 0BS,+44 (0)20 8460 3546,Coeducational,301,Day,Roman Catholic
Brampton College,"Lodge House, Lodge Road, Hendon, NW4 4DQ",NW4 4DQ,0208 203 5025,Coeducational,236,Day,All Faiths
North London Grammar School,"110 Colindeep Lane, London, NW9 6HB",NW9 6HB,020 8205 0052,,,,
Annemount School,"18 Holne Chase, Hampstead Garden Suburb, N2 0QN",N2 0QN,020 8455 2132,Coeducational,79,Day,All Faiths
Ripley Court School,"Rose Lane, Ripley, Woking, Surrey, GU23 6NE",GU23 6NE,+44 (0)1483 225217,Coeducational,175,Day,Interdenominational
Channing School,"The Bank, Highgate, London, N6 5HF",N6 5HF,+44 (0)20 8340 2328,Girls only,1007,Day,Interdenominational
Nancy Reuben Primary School,"48 Finchley Lane, Hendon, London, NW4 1DJ",NW4 1DJ,+44 (0)20 8202 5646,Coeducational,209,Day,Jewish
Highgate School,"North Road, Highgate , N6 4AY",N6 4AY,+44 (0)20 8340 1524,Coeducational,1932,Day,Church of England
St Paul's Steiner School,"St Paul's Church, 1 St Paul's Road, Islington, London, N1 2QH",N1 2QH,020 7226 4454,Coeducational,196,Day,All Faiths
Essendene Lodge School,"Essendene Road, Caterham, Surrey, CR3 5PB",CR3 5PB,+44 (0)1883 348349,Coeducational,112,Day,All Faiths
Hendon Preparatory School,"20 Tenterden Grove, Hendon, London, NW4 1TD",NW4 1TD,+44 (0)20 8203 7727,Coeducational,166,Day,Non-denominational
Kerem School,"Norrice Lea, Hampstead Garden Suburb, London, N2 0RE",N2 0RE,+44 (0)20 8455 0909,Coeducational,171,Day,Jewish
The Children's House School,"King Henry's Walk, London, N1 4PB",N1 4PB,+44 (0)20 73542113,Coeducational,109,Day,Non-denominational
Darul Hadis Latifah School,"1 Cornwall Avenue, London, E2 0HW",E2 0HW,020 8983 3663,,,,
Odyssey House School,"2c Northwood Road, Highgate, London, N6 5TN",N6 5TN,+44(0)20 8348 8009,Coeducational,18,Day,Non-denominational
Avenue Pre-Preparatory School & Nursery,"2 Highgate Avenue, Highgate, London, N6 5RX",N6 5RX,020 8348 6815,Coeducational,88,Day,All Faiths
Micklefield School,"10-12 Somers Road, Reigate, Surrey, RH2 9DU",RH2 9DU,+44 (0)1737 224212,Coeducational,235,Day,Church of England
Reddiford School,"36/38 Cecil Park, Pinner, HA5 5HH",HA5 5HH,+44 (0)20 8866 0660,Coeducational,251,Day,Church of England
St John's Beaumont,"Priest Hill, Windsor, Berkshire, SL4 2JN",SL4 2JN,+44 (0)1784 432428,Coeducational,220,"Day, Weekly/Flexible Boarding, Full Boarding",Roman Catholic
Greenfield,"Old Woking Road, Woking, Surrey, GU22 8HY",GU22 8HY,+44 (0)1483 772525,Coeducational,345,Day,All Faiths
ACS Egham International School,"Woodlee, London Road, Egham, Surrey, TW20 0HS",TW20 0HS,+44 (0)1784 430800,Coeducational,502,Day,Non-denominational
"St Teresa's, Effingham","Effingham Hill, Dorking, Surrey, RH5 6ST",RH5 6ST,+44 (0)1372 452037,Girls only,644,"Day, Weekly/Flexible Boarding, Full Boarding",Roman Catholic/Christian
Langley Hall Arts Academy,"Symphony House, 4 Waterside Court, Waterside Drive, Langley, Berkshire, SL3 6EZ",SL3 6EZ,01753 580516,Coeducational,11,Day,All Faiths
Oakhyrst Grange School,"160 Stanstead Road, Caterham, Surrey, CR3 6AF",CR3 6AF,+44 (0)1883 343344,Coeducational,152,Day,Interdenominational
Bishopsgate School,"Englefield Green, Egham, Surrey, TW20 0YJ",TW20 0YJ,+44 (0)1784 432109,Coeducational,384,Day,Christian
Gatehouse School,"Sewardstone Road, Victoria Park, London, E2 9JG",E2 9JG,020 8980 2978,Coeducational,524,Day,Christian
Cranmore School,"Epsom Road, West Horsley, Surrey, KT24 6AT",KT24 6AT,+44 (0)1483 280340,Coeducational,502,Day,Roman Catholic/Church of England
Reigate St Mary's Preparatory and Choir School,"Chart Lane, Reigate, Surrey, RH2 7RN",RH2 7RN,+44 (0)1737 244880,Coeducational,402,Day,All Faiths
Warlingham Park School,"Chelsham Common, Warlingham, Surrey, CR6 9PB",CR6 9PB,01883 626844,Coeducational,102,Day,All Faiths
Heath House Preparatory School,"37 Wemyss Road, Blackheath, London, SE3 0TG",SE3 0TG,020 8297 1900,Coeducational,126,Day,Non-denominational
Reigate Grammar School,"Reigate Road, Reigate, Surrey, RH2 0QS",RH2 0QS,+44 (0)1737 222231,Coeducational,846,Day,All Faiths
Caterham School,"Harestone Valley Road, Caterham, Surrey, CR3 6YA",CR3 6YA,+44 (0)1883 343028,Coeducational,999,"Day, Weekly/Flexible Boarding, Full Boarding",United Reformed Church
Hoe Bridge School,"Hoe Place, Old Woking Road, Woking, Surrey, GU22 8JE",GU22 8JE,+44 (0)1483 760018,Coeducational,474,Day,Non-denominational
Colfe’s Junior School,"Horn Park Lane, Lee, SE12 8AW",SE12 8AW,+44 (0)20 84638266,Coeducational,441,Day,Christian
Riverston School,"63-69 Eltham Road, Lee, SE12 8UF",SE12 8UF,+44 (0)20 8318 4327,Coeducational,179,Day,All Faiths
Colfe's School,"Horn Park Lane, Lee, SE12 8AW",SE12 8AW,+44 (0)20 8852 2283,Coeducational,839,Day,Church of England
Caterham Prep,"Harestone Valley Road, Caterham, Surrey, CR3 6YB",CR3 6YB,+44 (0)1883 342097,Coeducational,276,Day,United Reformed Church
Blackheath Prep,"4 St Germans Place, Blackheath, SE3 0NJ",SE3 0NJ,+44 (0)20 8858 0692,Coeducational,384,Day,Church of England/Interdenominational
North London Collegiate School,"Canons , Canons Drive, Edgware, HA8 7RJ",HA8 7RJ,+44 (0)20 8952 0912,Girls only,1101,Day,Non-denominational
Blackheath High School GDST,"27 Vanbrugh Park, Blackheath, SE3 7AG",SE3 7AG,+44 (0)20 8853 2929,Girls only,777,Day,All Faiths
The Pointer School,"19 Stratheden Road, Blackheath, SE3 7TH",SE3 7TH,+44 (0)20 8293 1331,Coeducational,339,Day,Christian
Dunottar School,"High Trees Road, Reigate, Surrey, RH2 7EL",RH2 7EL,+44 (0)1737 761945,Coeducational,400,Day,All Faiths
Greenwich Steiner School,"90 Mycenae Road, Greenwich, London, SE3 7SE",SE3 7SE,0208 8584404,Coeducational,180,Day,Non-denominational
Breaside Preparatory School,"41/43 Orchard Road, Bromley, BR1 2PR",BR1 2PR,+44 (0)20 8460 0916,Coeducational,379,Day,All Faiths
Norfolk House School,"10 Muswell Avenue, Muswell Hill, N10 2EG",N10 2EG,020 8883 4584,Coeducational,222,Day,Non-denominational
The Hawthorns School,"Pendell Court, Bletchingley, Surrey, RH1 4QJ",RH1 4QJ,+44 (0)1883 743048,Coeducational,504,Day,All Faiths
"St. Martin's School, Mill Hill","Mill Hill, London, NW7 3RG",NW7 3RG,020 8959 1965,,,,
Eton End School Trust (Datchet) Limited,"35 Eton Road, Datchet, Berkshire, SL3 9AX",SL3 9AX,+44 (0)1753 541075,Coeducational,208,Day,Christian
Mill Hill International,"Milespit Hill, Mill Hill, London, NW7 2RX",NW7 2RX,020 3826 3333,Coeducational,112,"Day, Weekly/Flexible Boarding, Full Boarding",Non-denominational
Halstead St Andrew's School,"Church Hill House, Wilson Way, Horsell, Woking, Surrey, GU21 4QW",GU21 4QW,+44 (0)1483 760943,Coeducational,316,Day,Christian
Bickley Park School,"24 Page Heath Lane, Bickley, Bromley, Kent, BR1 2DS",BR1 2DS,+44 (0)20 8467 2195,Boys (some girls),378,Day,Church of England
Eltham College,"Grove Park Road, Mottingham, SE9 4QF",SE9 4QF,+44 (0)20 8857 1455,Coeducational,1034,Day,Interdenominational
Mill Hill Pre-Prep - Grimsdell,"Winterstoke House, Wills Grove, Mill Hill, NW7 1QR",NW7 1QR,+44 (0)20 8959 6884,Coeducational,208,Day,Christian
Goodwyn School,"Hammers Lane, Mill Hill, NW7 4DB",NW7 4DB,+44 (0)20 8959 3756,Coeducational,189,Day,Non-denominational
Woldingham School,"Marden Park, Woldingham, Surrey, CR3 7YA",CR3 7YA,+44 (0)1883 349431,Girls only,580,"Day, Weekly/Flexible Boarding, Full Boarding",Roman Catholic
St Bernard's Prep School,"Hawtrey Close, Slough, Berkshire, SL1 1TB",SL1 1TB,+44 (0)1753 521821,Coeducational,222,Day,Roman Catholic
Faraday School,"Old Gate House, 7 Trinity Buoy Wharf, London, E14 0FH",E14 0FH,020 7719 9342,Coeducational,102,Day,Christian
Mill Hill School,"The Ridgeway, Mill Hill, NW7 1QS",NW7 1QS,+44 (0)20 8959 1176,Coeducational,875,"Day, Weekly/Flexible Boarding, Full Boarding",Non-denominational
Holland House School,"1 Broadhust Avenue, Edgware, London, HA8 8TP",HA8 8TP,020 8958 6979,Coeducational,146,Day,Non-denominational
Islamic Shakhsiyah Foundation,"1st Floor, 277 St Ann’s Road, London, N15 5RG",N15 5RG,020 8802 8651,Coeducational,108,Day,Islamic
Long Close School,"Upton Court Road, Slough, Berkshire, SL3 7LU",SL3 7LU,+44 (0)1753 520095,Coeducational,229,Day,All Faiths
Babington House School,"Grange Drive, Chislehurst, Kent, BR7 5ES",BR7 5ES,+44 (0)20 8467 5537,Coeducational,464,Day,Non-denominational
St John's School,"Potter Street Hill, Northwood, HA6 3QY",HA6 3QY,+44 (0)20 8866 0067,Boys only,341,Day,Christian
Belmont Mill Hill Preparatory School,"The Ridgeway, Mill Hill, NW7 4ED",NW7 4ED,+44 (0)20 8906 7270,Coeducational,557,Day,Non-denominational
"Moon Hall School, Reigate","Flanchford Road, Leigh, Reigate, Surrey, RH2 8RE",RH2 8RE,01306 611372,Coeducational,180,Day,Non-denominational
Dwight School London,"6 Friern Barnet Lane, Barnet, N11 3LX",N11 3LX,+44 (0)20 8920 0600,Coeducational,296,Day,All Faiths
"The King's House School, Windsor","King's House, 77 Frances Road, Windsor, Berkshire, SL4 3AQ",SL4 3AQ,01753 834850,Coeducational,44,Day,Christian
St George's School,"Windsor Castle, Windsor, Berkshire, SL4 1QF",SL4 1QF,+44 (0)1753 865553,Coeducational,333,"Day, Weekly/Flexible Boarding",Church of England
Northwood College for Girls GDST,"Maxwell Road, Northwood, HA6 2YE",HA6 2YE,+44 (0)1923 825446,Girls only,887,Day,All Faiths
Upton House School,"115 St Leonard's Road, Windsor, Berkshire, SL4 3DF",SL4 3DF,+44 (0)1753 862610,Coeducational,303,Day,Church of England
St Helen's School,"Eastbury Road, Northwood, HA6 3AS",HA6 3AS,+44 (0)1923 843210,Girls only,1197,Day,Church of England
Bromley High School GDST,"Blackbrook Lane, Bickley, Bromley, BR1 2TW",BR1 2TW,+44 (0)20 8781 7000,Girls only,892,Day,Christian
Eton College,"Eton , Windsor, Berkshire, SL4 6DW",SL4 6DW,+44 (0)1753 370100,Boys only,1344,Full Boarding,Church of England
Coworth Flexlands School,"Chertsey Rd, Chobham, Surrey, GU24 8TE",GU24 8TE,+44 (0)1276 855707,Coeducational,116,Day,Christian
St Martin's School,"40 Moor Park Road, Northwood, HA6 2DJ",HA6 2DJ,+44 (0)1923 825740,Boys only,403,Day,Church of England
St Olave's Preparatory School,"106-110 Southwood Road, New Eltham, SE9 3QS",SE9 3QS,+44 (0)20 8294 8930,Coeducational,212,Day,All Faiths
International School of Creative Arts,"Framewood Road, Wexham, Slough, Buckinghamshire, SL2 4QS",SL2 4QS,+44(0)1753 208820,Coeducational,66,Full Boarding,Non-denominational
Teikyo Foundation (UK),"Fulmer Grange, Framewood Road, Wexham, Buckinghamshire, SL2 4QS",SL2 4QS,+44 (0)1753 663711,Coeducational,28,"Day, Full Boarding",Non-denominational
Sunningdale School,"Dry Arch Road, Sunningdale, Berkshire, SL5 9PY",SL5 9PY,+44 (0)1344 620159,Boys only,99,"Day, Weekly/Flexible Boarding, Full Boarding",Christian
St Margaret's School,"Merry Hill Road, Bushey, Hertfordshire, WD23 1DT",WD23 1DT,+44 (0)20 8416 4400,Coeducational,659,"Day, Weekly/Flexible Boarding, Full Boarding",Church of England/Interdenominational
Immanuel College,"87/91 Elstree Road, Bushey, Hertfordshire, WD23 4EB",WD23 4EB,+44 (0)20 8950 0604,Coeducational,660,Day,Jewish
Farringtons School,"Perry Street, Chislehurst, Kent, BR7 6LR",BR7 6LR,+44 (0)20 8467 0256,Coeducational,697,"Day, Weekly/Flexible Boarding, Full Boarding",Methodist
The Marist School,"Kings Road, Sunninghill, Ascot, Berkshire, SL5 7PS",SL5 7PS,+44 (0)1344 624291,Girls (some boys),439,Day,Roman Catholic
St Hilda's School,"High Street, Bushey, Watford, Hertfordshire, WD23 3DA",WD23 3DA,+44 (0)20 8950 1751,Girls (some boys),142,Day,Non-denominational
Merchant Taylors' School,"Sandy Lodge, Northwood, Hertfordshire, HA6 2HT",HA6 2HT,01923 835110,Boys only,945,Day,Church of England
Islamic Shakhsiyah Foundation Slough,"Cippenham Lodge, Cippenham Lane, Slough, Berkshire, SL1 5AN",SL1 5AN,+44(0)1753 518 000,Coeducational,97,Day,Islamic
Heathermount School,"Devenish Road, Ascot, Berkshire, SL5 9PG",SL5 9PG,1344875101,,,,
Merchant Taylors’ Prep,"Moor Farm, Sandy Lodge Road, Rickmansworth, Hertfordshire, WD3 1LW",WD3 1LW,+44 (0)1923 825648,Boys only,370,Day,All Faiths
Grangewood Independent School,"Chester Road, Forest Gate, E7 8QT",E7 8QT,+44 (0)20 8472 3552,Coeducational,50,Day,Christian
Palmers Green High School,"104 Hoppers Road, Winchmore Hill, N21 3LJ",N21 3LJ,+44 (0)20 8886 1135,Girls only,253,Day,Non-denominational
Salcombe Preparatory School,"224-226 Chase Side, London, N14 4PL",N14 4PL,+44 (0)20 8441 5356,Coeducational,236,Day,All Faiths
Haberdashers' Girls' School,"Aldenham Road, Elstree, Borehamwood, Hertfordshire, WD6 3BT",WD6 3BT,+44 (0)20 8266 2300,Girls only,1170,Day,Christian
Lyonsdown School,"3 Richmond Road, New Barnet, Hertfordshire, EN5 1SA",EN5 1SA,020 8449 0225,Girls only,159,Day,Christian
"St George's School, Ascot","Wells Lane, Ascot, Berkshire, SL5 7DZ",SL5 7DZ,+44 (0)1344 629900,Girls only,268,"Day, Weekly/Flexible Boarding, Full Boarding",Christian
Belmont School,"Feldemore, Holmbury St Mary, Dorking, Surrey, RH5 6LQ",RH5 6LQ,+44 (0)1306 730852,Coeducational,242,"Day, Weekly/Flexible Boarding",Christian
Benedict House Preparatory School,"1-5 Victoria Road, , Sidcup, Kent, DA15 7HD",DA15 7HD,020 8300 7206,,,,
The Haberdashers' Boys' Prep School,"Butterfly Lane, Elstree, Hertfordshire, WD6 3AF",WD6 3AF,+44 (0)20 8266 1700,Boys only,333,Day,Christian
Haberdashers' Boys' School,"Butterfly Lane, Elstree, Hertfordshire, WD6 3AF",WD6 3AF,+44 (0)20 8266 1700,Boys only,1136,Day,Christian
West Lodge School,"36 Station Road, Sidcup, Kent, DA15 7DU",DA15 7DU,+44 (0)20 8300 2489,Coeducational,164,Day,All Faiths
Susi Earnshaw Theatre School,"The Bull Theatre, 68 High Street, London, EN5 5SJ",EN5 5SJ,+44 (0)20 8441 5010,Coeducational,39,Day,Non-denominational
"St Mary's School, Gerrards Cross","Packhorse Road, Gerrards Cross, Buckinghamshire, SL9 8JQ",SL9 8JQ,+44 (0)1753 883370,Girls only,427,Day,Church of England
St Mary's School Ascot,"St Mary's Road, Ascot, Ascot, Berkshire, SL5 9JF",SL5 9JF,+44 (0)1344 296600,Girls only,393,"Day, Full Boarding",Roman Catholic
Tormead School,"Cranley Road, Guildford, Surrey, GU1 2JD",GU1 2JD,+44 (0)1483 575101,Girls only,787,Day,Interdenominational
Woodcote House School,"Snow's Ride, Windlesham, Surrey, GU20 6PF",GU20 6PF,+44 (0)1276 472115,Boys only,83,"Day, Weekly/Flexible Boarding, Full Boarding",Church of England/Interdenominational
Dair House School,"Bishops Blake, Beaconsfield Road, Farnham Royal, Slough, Buckinghamshire, SL2 3BY",SL2 3BY,+44 (0)1753 643964,Coeducational,113,Day,All Faiths
Vita et Pax Preparatory School,"6A Priory Close, Green Road, London, N14 4AT",N14 4AT,2084498336,Coeducational,107,Day,All Faiths
Keble Prep School,"Wades Hill, Winchmore Hill, London, N21 1BG",N21 1BG,+44 (0)20 8360 3359,Boys only,131,Day,All Faiths
Thorpe House School,"29 Oval Way, Gerrards Cross, Buckinghamshire, SL9 8QA",SL9 8QA,+44 (0)1753 882474,Boys only,276,Day,Church of England
Papplewick,"Windsor Road, Ascot, Berkshire, SL5 7LH",SL5 7LH,+44 (0)1344 621488,Boys only,225,"Day, Weekly/Flexible Boarding, Full Boarding",Church of England
Merton Court Preparatory School,"38 Knoll Road, Sidcup, Kent, DA14 4QU",DA14 4QU,+44 (0)20 8300 2112,Coeducational,308,Day,Church of England
Guildford High School,"London Road, Guildford, Surrey, GU1 1SJ",GU1 1SJ,+44 (0)1483 561440,Girls only,1002,Day,Church of England/Interdenominational
Caldicott,"Crown Lane, Farnham Royal, Buckinghamshire, SL2 3SL",SL2 3SL,+44 (0)1753 649300,Boys only,245,"Day, Weekly/Flexible Boarding, Full Boarding",Church of England
Aldenham School,"Aldenham Road, Elstree, Hertfordshire, WD6 3AJ",WD6 3AJ,+44 (0)1923 858122,Coeducational,866,"Day, Weekly/Flexible Boarding, Full Boarding",Church of England
Forest School,"College Place, London, E17 3PY",E17 3PY,+44 (0)20 8520 1744,Coeducational,1521,Day,Church of England
Hazelwood School,"Wolfs Hill, Limpsfield, Oxted, Surrey, RH8 0QU",RH8 0QU,+44 (0)1883 712194,Coeducational,577,Day,Church of England
Gayhurst School,"Bull Lane, Gerrards Cross, Buckinghamshire, SL9 8RJ",SL9 8RJ,+44 (0)1753 882690,Coeducational,361,Day,Church of England
The Purcell School for Young Musicians,"Aldenham Road, Bushey, Watford, Hertfordshire, WD23 2TS",WD23 2TS,+44 (0)1923 331100,Coeducational,185,"Day, Weekly/Flexible Boarding, Full Boarding",Non-denominational
Grange Park Preparatory School,"13 The Chine, Grange Park, N21 2EA",N21 2EA,+44 (0)20 8360 1469,Coeducational,123,Day,All Faiths
Hall Grove,"London Road, Bagshot, Surrey, GU19 5HZ",GU19 5HZ,+44 (0)1276 473059,Coeducational,415,"Day, Weekly/Flexible Boarding",Non-denominational
Maltman's Green School,"Maltmans Lane, Gerrards Cross, Buckinghamshire, SL9 8RR",SL9 8RR,+44 (0)1753 883022,Girls only,328,Day,Non-denominational
Radlett Preparatory School,"Kendal Hall, Watling Street, Radlett, Hertfordshire, WD7 7LY",WD7 7LY,01923 856812,,,,
Mount House School,"Camlet Way, Hadley Wood, Barnet, Hertfordshire, EN4 0NJ",EN4 0NJ,020 8449 6889,Coeducational,275,Day,All Faiths
Royal Grammar School Guildford,"High Street, Guildford, Surrey, GU1 3BB",GU1 3BB,+44 (0)1483 880600,Boys only,1314,Day,Non-denominational
Snaresbrook Preparatory School,"75 Woodford Road, South Woodford, E18 2EA",E18 2EA,+44 (0)20 8989 2394,Coeducational,140,Day,Church of England/Interdenominational
Rydes Hill Preparatory School & Nursery,"Rydes Hill House, Aldershot Road, Guildford, Surrey, GU2 8BP",GU2 8BP,+44 (0)1483 563160,Girls (some boys),146,Day,Roman Catholic
Hurtwood House,"Holmbury St Mary, Dorking, Surrey, RH5 6NU",RH5 6NU,+44 (0)1483 279000,Coeducational,355,"Day, Full Boarding",Non-denominational
The Royal Masonic School for Girls,"Rickmansworth Park, Rickmansworth, Hertfordshire, WD3 4HF",WD3 4HF,+44 (0)1923 773168,Girls (some boys),999,"Day, Weekly/Flexible Boarding, Full Boarding",Non-denominational
Charlotte House Preparatory School,"88 The Drive, Rickmansworth, Hertfordshire, WD3 4DU",WD3 4DU,+44 (0)1923 772101,Girls only,99,Day,All Faiths
Apex Primary School,"60-62 Argyle Road, Ilford, Essex, IG1 3BG",IG1 3BG,020 8554 1208,Coeducational,120,Day,Islamic
Duke of Kent School,"Peaslake Road, Ewhurst, Surrey, GU6 7NS",GU6 7NS,+44 (0)1483 277313,Coeducational,323,Day,All Faiths
Edge Grove,"Aldenham Village, Aldenham Village, Hertfordshire, WD25 8NL",WD25 8NL,+44 (0)1923 855724,Coeducational,427,Day,All Faiths
St Aubyn's School,"Bunces Lane, Woodford Green, Essex, IG8 9DU",IG8 9DU,+44 (0)20 8504 1577,Coeducational,504,Day,Non-denominational
LVS Ascot,"London Road, Ascot, Berkshire, SL5 8DR",SL5 8DR,+44 (0)1344 882770,Coeducational,839,"Day, Weekly/Flexible Boarding, Full Boarding",All Faiths
The Ursuline Preparatory School Ilford,"2-4 Coventry Road, Ilford, Essex, IG1 4QR",IG1 4QR,+44 (0)20 8518 4050,Coeducational,94,Day,Roman Catholic
Heathfield School,"London Road, Ascot, Berkshire, SL5 8BQ",SL5 8BQ,+44 (0)1344 898343,Girls only,238,"Day, Weekly/Flexible Boarding, Full Boarding",Christian
York House School,"Sarratt Road, Croxley Green, Rickmansworth, Hertfordshire, WD3 4LW",WD3 4LW,+44 (0)1923 772395,Coeducational,397,Day,All Faiths
Beehive Preparatory School,"233 Beehive Lane, Ilford, Essex, IG4 5ED",IG4 5ED,020 8550 3224,Coeducational,64,Day,Non-denominational
Browns School,"Hawstead Lane, Chelsfied, Kent, BR6 7PH",BR6 7PH,01689 876 816,,,,
Lambrook,"Winkfield Row, Nr Ascot, Bracknell, Berkshire, RG42 6LU",RG42 6LU,+44 (0)1344 882717,Coeducational,633,"Day, Weekly/Flexible Boarding",Church of England
Woodford Green Prep School,"Glengall Road, Woodford Green, Essex, IG8 0BZ",IG8 0BZ,+44 (0)20 8504 5045,Coeducational,379,Day,Christian
Avon House School,"490/492 High Road, Woodford Green, IG8 0PN",IG8 0PN,020 8504 1749,Coeducational,272,Day,Non-denominational
Stanborough Secondary School,"Stanborough Park, Cedar Wood Drive, Garston, Watford, Hertfordshire, WD25 9JT",WD25 9JT,+44 (0)1923 673268,Coeducational,63,Day,Seventh-Day Adventist
Bancroft's School,"High Road, Woodford Green, Essex, IG8 0RF",IG8 0RF,+44 (0)20 8505 4821,Coeducational,1141,Day,Church of England
St Catherine's Preparatory School,"Station Road, Bramley, Guildford, Surrey, GU5 0DF",GU5 0DF,+44 (0)1483 899665,Girls only,222,Day,Church of England
"St Catherine's, Bramley","Station Road, Bramley, Guildford, Surrey, GU5 0DF",GU5 0DF,+44 (0)1483 893363,Girls only,626,"Day, Weekly/Flexible Boarding, Full Boarding",Church of England
St John's Preparatory and Senior School,"The Ridgeway, Potters Bar, Hertfordshire, EN6 5QT",EN6 5QT,01707 657294,Coeducational,472,Day,Christian
Normanhurst School,"68-74 Station Road, North Chingford, London, E4 7BA",E4 7BA,+44 (0)20 8529 4307,Coeducational,281,Day,Interdenominational
Longacre School,"Hullbrook Lane, Shamley Green, Guildford, Surrey, GU5 0NQ",GU5 0NQ,+44 (0)1483 893225,Coeducational,268,Day,All Faiths
Alamiyah School,"113-115 Marlborough Road, Dagenham, Essex, RM8 2ES",RM8 2ES,020 8595 5999,Coeducational,37,Day,Islamic
Eastcourt Independent School,"1-5 Eastwood Road, Goodmayes, Ilford, IG3 8UW",IG3 8UW,2085905472,,,,
Radnor House Sevenoaks,"Combe Bank Drive, Sundridge, Sevenoaks, Kent, TN14 6AE",TN14 6AE,+44 (0)1959 563720,Coeducational,533,Day,All Faiths
The Daiglen School,"68 Palmerston Road, Buckhurst Hill, Essex, IG9 5LG",IG9 5LG,+44 (0)20 8504 7108,Coeducational,120,Day,Christian
Loyola Preparatory School,"103 Palmerston Road, Buckhurst Hill, Essex, IG9 5NH",IG9 5NH,+44 (0)20 8504 7372,Boys only,158,Day,Roman Catholic
Manor Lodge School,"Rectory Lane, Ridge Hill, Shenley, Hertfordshire, WD7 9BG",WD7 9BG,+44 (0)1707 642424,Coeducational,457,Day,All Faiths
